password,username,nombre,apellido,email,fecha_creacion,telefono,edad,sexo
@826ePmhXj,russell99,Kimberly,Morrison,tinajefferson@example.com,1941-11-29,766.434.29,73,H
*4%1aT5xZH,rayfritz,Deborah,Diaz,mthomas@example.org,1921-04-18,(220)98787,64,H
^0ETPwq1_X,youngnicole,Lisa,Miller,justin69@example.com,1991-11-14,2018086929,60,X
$%FFa+XF&4,garciajames,Joshua,Roberts,brittanyhenderson@example.org,1909-10-11,693.568.17,62,M
XMS1pHji&w,owilliams,Deborah,Neal,norrisjo@example.org,2014-10-19,0013797028,74,X
An9ZaK8g&F,aflynn,Spencer,Cole,peterjackson@example.org,1964-08-20,+196289371,39,M
%xELv9l8D7,emily68,Christine,Peck,fernandezamber@example.org,1928-04-22,+125231351,52,H
*N7GNnOrBQ,taylor50,Sierra,White,joseph69@example.net,1946-11-05,799.973.05,42,H
&zC4j6YmJH,bryandean,Kelly,Meyer,johnathan03@example.com,2019-10-22,506.586.57,43,M
W0z@4Ll2ZX,bergeranthony,Sabrina,Bailey,ericmolina@example.org,2015-01-08,0016032465,38,H
4wO2IFI^@4,cindyjones,Matthew,Paul,qbrewer@example.net,1971-03-04,999.311.03,76,M
DSB_KUAz!1,leejoshua,Nicole,Lowery,gregg50@example.org,2013-06-06,0018359694,31,H
8!&c8XhR#M,dreese,Krystal,West,urodriguez@example.net,1909-02-16,714.601.24,46,M
_KN3bNt7%Z,davidruiz,Michael,Flynn,ericgordon@example.org,1993-05-04,0012923958,18,H
!8lnAoEg@E,vanessa88,Allison,White,nicolebauer@example.net,1926-07-16,867.978.43,46,H
!68^sWqo5@,tgutierrez,Matthew,Ramos,sgriffin@example.net,1966-04-02,5112400445,45,X
4nyMS29C@7,nallen,Colin,Campos,lburton@example.net,1947-02-12,+176346094,47,X
8)0oXu8R%w,mayalicia,Victoria,Hood,collinsmichelle@example.com,1972-05-29,885.723.40,35,H
!P^lE0uFv%,dawn88,Steven,Alvarez,gonzalezrichard@example.net,1959-08-26,9992735120,38,H
@mBiCaSL^0,teresajohnston,Ivan,Wells,lanejennifer@example.org,1961-05-12,0018809690,73,H
#3BLs0%!kP,bakertheresa,Mario,Gallagher,lisahughes@example.net,1965-05-03,876.346.96,79,M
+aO(SwsTo8,bwerner,Gina,Schmidt,fwilson@example.org,1920-02-15,+183179678,53,M
V+P8hqHzJG,williamalexander,Breanna,Alvarado,slopez@example.org,1985-07-23,659.935.73,71,H
RYVHrYPN*4,alexanderharper,Sara,Cabrera,denisemartinez@example.net,1978-12-04,(865)28684,36,H
d&QU&2IhMQ,sotofrank,Amy,Zuniga,hpalmer@example.org,1908-04-22,(762)51134,26,H
)41iFSAlEn,cheryl03,Lauren,Villegas,moorescott@example.org,1908-05-29,320.479.20,60,M
Du3QU@yC5^,piercejessica,Jodi,Lopez,jonathan50@example.com,1916-09-12,(851)61634,50,X
01LuM$uN+!,francisshaun,Heather,Moore,yoneal@example.net,1981-08-13,9229383382,62,M
W3X5DSUk@O,owashington,Linda,Spencer,ghubbard@example.org,1918-03-07,7126520414,32,M
@1VyYy(YdL,josephwagner,George,Foster,qrussell@example.net,1935-05-12,463.294.58,34,H
Rx!8Aiaj$c,kleinzachary,Donald,Moore,fclark@example.net,1957-09-11,0013748713,62,X
XP7&7aQss#,andrew85,Tina,Woods,dgarcia@example.com,1967-02-23,5319182389,74,M
h34Hzn*q%V,davidcole,Monica,Dawson,pcarpenter@example.com,1968-09-19,(254)80773,66,H
a86NVihE#X,cmooney,Kimberly,Lam,ucook@example.org,1981-10-23,3152571158,32,X
1K9mTRhl$h,mistyhall,Christine,Erickson,jbrown@example.net,1963-02-07,(609)30981,42,X
D2Fw5hpg#f,andrewmarsh,Nancy,Cox,jamesharper@example.net,1953-09-03,877.669.06,69,H
wpSYkN_E@1,ajordan,Bradley,Stephens,morgan32@example.com,1940-01-05,6665558169,75,H
$!8SZGn)6E,awallace,Brandon,West,brownjennifer@example.com,1937-09-06,(295)66676,45,M
y2Sq7PhS#i,bconner,Carol,Hampton,nsaunders@example.com,2022-04-13,0018279621,58,M
B2qMFTnW(5,pwallace,James,Thomas,kristen44@example.org,2006-02-05,8898909807,31,M
pz%0XJfRMQ,amanda21,Jessica,Garcia,fhale@example.net,2009-05-04,3735598089,23,X
x8QN4NPvQ^,heathersantos,Jacob,Moore,andreagilbert@example.org,1908-04-26,(641)90184,27,H
&01V+)ArlM,carl67,Mary,Martin,desiree21@example.org,1917-03-18,0018615042,69,X
ROGdpfTL#4,sandersryan,Paul,Hood,christopherhill@example.com,1976-08-21,4458255961,48,M
bESq!4Wog%,toddmyers,Ryan,Ferguson,vgriffin@example.com,1924-04-23,(754)21732,53,M
(X2CE%abYs,cynthiazavala,Paul,Burgess,kristinreed@example.net,1987-06-10,(299)69100,25,X
5oq7N_zt_x,kimberly93,Dustin,Lewis,michael04@example.net,2019-06-12,+186557360,49,M
l!x1Zvn9%0,robertquinn,Jennifer,Lewis,camachomichael@example.com,1918-06-07,(893)37563,70,H
mw*(4Ow&V%,sheppardjeffery,Brandon,Garcia,tonyahenson@example.net,1934-03-03,2258708356,31,M
8azHHQjG!7,dixontommy,Tyler,Johnson,arnoldalexander@example.net,1976-06-07,0019057976,79,X
5fIh1na@%5,moralesjacob,Christine,Henry,beverlycastaneda@example.com,1966-06-04,372.886.96,39,M
kxGJA9Sf@2,jenningsedward,Sarah,Barr,csandoval@example.net,1962-05-04,0017553340,20,M
n!2Q#5zqLw,zwatts,Thomas,Johnson,xallen@example.org,2010-12-02,0013699350,63,H
!64LjukxXW,qbrady,Brandon,Smith,thomasrobert@example.org,1915-09-07,914.739.81,32,X
(xxU9KiKv5,williamsonelizabeth,Michael,Duran,laura74@example.org,1945-07-08,7158705652,27,X
#LCNB%MCe3,carolinetaylor,Gary,Gibbs,xgreen@example.com,2003-12-27,3499327665,40,M
Novr3JoT&^,cruzlauren,Natasha,Bowers,barbarahernandez@example.net,1911-08-02,688.435.54,34,X
_HU9NQjXEh,sara54,Angela,Sanchez,bakerjennifer@example.com,1950-07-16,313.913.76,55,X
%2LSKul)^H,weekskatie,John,West,patriciasmith@example.org,1912-08-08,(964)92178,75,H
0DSXEt7d^4,andrearose,Chad,Dickerson,hendrixmichelle@example.org,2000-12-12,611.385.56,45,H
D3!5WiIm%8,hlee,Laura,Hunt,jeffrey98@example.org,2020-06-13,3877358547,80,X
Oy!48Rph$T,joshua74,Wendy,Brown,ethan23@example.com,2017-10-30,729.201.44,18,X
$iq0K8uw+N,glenda27,Jason,Hughes,lwalker@example.org,2004-05-29,+160524771,35,M
@l0h2Zne^#,sheamargaret,Jodi,Shaw,anthonysmith@example.org,1944-11-15,+127487718,49,H
yI1QMpVoZ$,benjaminkenneth,Amanda,Roberts,emilydaniels@example.net,1908-05-16,727.753.69,47,H
+9p(nvNmmT,brianwhitehead,Daniel,Michael,lanetrevor@example.org,1938-11-17,0018434670,61,H
*4gKNqaf*1,hvega,Jeffrey,Richardson,tgeorge@example.net,2003-06-06,365.821.89,43,H
!#Qq74Hx4Q,wilsonteresa,Anna,Atkinson,lewisjohn@example.org,2023-01-31,(697)24419,64,M
RfKP5Sqz6),thomasmckinney,Brenda,Smith,aguilartony@example.com,1932-10-23,+171673084,32,H
zBh62Phbf(,jonathanlopez,Bryan,Johnson,lingram@example.com,1927-12-04,243.514.96,48,X
A$6RIkVStu,alanphillips,Julie,Lopez,larsonryan@example.net,1999-08-17,+126043215,68,M
)#4UOnF1M^,ufuller,Jason,Miller,daleoneill@example.org,1981-12-20,(638)69715,42,X
(Hl7rnQhe$,johnstoncolleen,Elizabeth,Lopez,jasminehoover@example.org,1986-02-11,263.469.45,68,M
7MvGwcnK)l,richardreyes,Bradley,White,wadams@example.org,1965-05-30,347.464.91,76,M
lH$8(VLrgH,aparsons,Jason,Miller,jill94@example.net,1990-01-18,(721)38608,36,X
H7M&zyyG^o,shuff,Angela,Foster,turnertyler@example.org,2023-08-12,0017456857,63,H
@_2H0t9e0R,miguelyoung,Monica,Ward,abbottbeth@example.org,1994-12-11,7713816585,49,X
91A6VL!rI*,johnsonfelicia,Pamela,Snyder,debra75@example.com,1994-06-11,8409168017,69,H
uISl)uPZ+3,brianpatterson,Nathan,Travis,haystimothy@example.net,1976-08-22,6045471112,58,H
1l&4Jh&t+G,tammyhunter,Ashley,Russell,sheryljackson@example.org,1975-06-30,0014789122,69,H
U05PZ2Of@H,fhunt,David,Robinson,katherine48@example.org,1989-05-26,9335534222,44,X
&0gYkH#BkE,williswilliam,James,David,toddamber@example.com,1945-01-19,7436358785,54,H
**YXAmbO67,ubrown,Stephanie,Hawkins,ericaalvarado@example.com,1968-05-17,0018848673,21,M
7^_4fCgn(m,rhooper,Andrea,Smith,damonwright@example.org,1973-08-14,7205566615,64,X
+qAerAyz0(,brendan72,Emily,Tran,sue70@example.org,1966-06-24,479.268.22,59,M
63rNPU1w#i,yvette63,Joshua,Gonzalez,stephen01@example.com,1951-11-30,(489)79760,59,M
vPKT9S3r_7,lisacampbell,Keith,Kennedy,lewisjames@example.org,1984-12-05,(707)96525,48,M
y#oia3zSXH,david71,Stephanie,Oneill,laura48@example.com,1932-12-19,(962)96292,45,M
w)9_EiTSg^,juliemurray,Karen,Smith,cbradford@example.com,2011-08-04,741.770.52,26,H
P&3AmQee#k,aaron65,David,Hanson,snydertyler@example.com,1914-12-07,0019246047,23,M
p67DwW1tI^,mglover,Victoria,Hopkins,bhill@example.com,1961-11-20,0018922382,66,X
%6a8Wi48*H,brownthomas,Jerry,Foley,lgonzalez@example.net,1929-03-30,(704)79682,50,X
7+39F@zNMI,clove,Timothy,Hernandez,vhunter@example.org,2017-02-24,0014996406,41,X
(37+nXpRou,vargasjulie,Nancy,George,warnerwendy@example.com,1953-08-07,581.815.32,30,H
@7WmUoiJju,perezjames,Jackson,Joseph,mkelley@example.net,1942-09-11,0018283373,53,H
NbM!feVl$3,jmcintyre,Mallory,Villarreal,fmcmahon@example.org,1998-06-12,+135640539,36,M
+A7eAsWv_(,joshua92,Anthony,Adams,jharrison@example.com,1990-07-21,811.888.04,50,M
67@Iclvs_q,lsexton,Randy,Jensen,zthompson@example.org,1990-05-16,0018624197,37,M
)6EUA6SdxK,lesliegreen,Frank,Horn,danahansen@example.org,2005-03-15,4699163764,39,X
q%2BHtGia&,paulmurray,Keith,Schroeder,wtaylor@example.org,1951-12-27,0012665456,20,M
S5dnOl4b*k,mcguireamanda,Elizabeth,Hill,cleon@example.net,1966-05-10,7537035257,21,M
_6MiOEnt&k,campbellbrooke,Danielle,Cardenas,pallen@example.net,1942-12-11,+182885145,19,X
B)3wKAKc8H,jeffrey12,Gary,Mahoney,lawrence13@example.org,1989-08-20,0014806704,40,H
3cWgIZyc)T,vruiz,David,Ayers,kathleenmays@example.com,1924-11-06,(792)68656,52,M
@97GYD&kGc,jthompson,Robert,Phillips,sarah09@example.org,1909-10-06,(667)58778,51,X
HvcB3@Zp+8,sabrina83,Elizabeth,Anderson,bclark@example.com,1972-03-08,900.592.89,58,M
JeV+VzJk)0,pattersonshari,Barbara,Garcia,lrodriguez@example.com,1921-02-08,938.221.07,42,H
7%d@00Lo*8,kgonzalez,Lauren,Williams,tracy06@example.org,1967-08-16,0019347777,19,M
Pv$v1Ux8Ar,richardperez,Joel,Dixon,qrollins@example.org,1949-01-09,(990)93178,68,M
^0SsVxn0&1,judy20,Michael,Duffy,robertclarke@example.com,1991-07-19,+189775811,41,M
e4Vtd*1x$6,jeffrey91,Kenneth,Ramsey,kimberly96@example.com,1963-12-12,(832)70903,44,X
)9eR^!qhm5,imitchell,Paul,Nelson,deannagomez@example.com,1983-05-25,+180258810,73,X
$1pWGsXqf0,ubaker,Timothy,Cook,jeffwilliamson@example.org,1946-01-04,+198736473,76,X
!(HcUe6g&7,fostermegan,Teresa,Barrett,boyddavid@example.net,1918-03-16,0012997993,51,H
H+6p&)Ro_i,tara09,Pamela,Newton,reyesstephanie@example.com,1923-10-06,341.993.74,18,H
+7U#hXTeB(,suzanne59,Rebecca,Caldwell,ryandean@example.com,1909-05-22,6878256572,58,M
^4v*7AG%d(,caitlyndixon,Breanna,Carpenter,simpsonmichael@example.org,1999-04-27,(644)26690,66,X
Ah)37DeYZ%,jonesdavid,Robert,Moses,catherinerussell@example.org,1965-10-31,0018453954,35,H
(vYhXHK&6Z,kathyhester,Bobby,Spencer,christian21@example.net,1974-08-10,7392144058,41,H
9Z1oZa!)X$,tbrady,Grace,Pitts,yjones@example.com,1974-01-10,+127344363,73,X
#J6BMjQhb6,wardsteven,Gene,Kramer,nguyenemily@example.net,1932-10-15,+170572422,23,M
#9Q3OWiVO_,ifisher,Edgar,Jackson,nicole72@example.com,1953-10-25,0018474445,27,M
h%9Vh4LkUk,robert60,Zachary,Brown,morrisonjenny@example.org,2010-08-30,4424409989,50,H
_WG0c#bI6r,zachary34,Caleb,Young,boyermatthew@example.org,1930-05-06,257.440.94,22,H
2RjA*t9U@H,bryanjohnson,James,Sparks,cristinahunter@example.org,1994-06-02,915.635.56,53,M
_A6L2Ix8f*,whitakerjonathan,Amanda,Vaughn,jessicawilson@example.net,1942-09-05,+143734994,39,H
d0HTMRbN&0,elizabethwiggins,Diane,Jackson,zlewis@example.org,1960-01-29,2819104930,80,M
@7MzQg$!b&,qpreston,Bethany,Johnson,travis84@example.org,1983-07-15,5217602274,64,H
97$JmCfC#g,imendoza,Brenda,Glenn,moraleschristine@example.org,1948-05-22,0012939895,63,M
qeA78OzZ#4,christinehernandez,Katherine,Davis,mhuffman@example.net,2017-03-07,(568)82311,80,H
z1OC7kre&J,gregorymoreno,Alexandra,Hendricks,smithdeborah@example.com,2003-08-31,284.420.11,52,M
@a0XMv&kZJ,ecompton,Tracey,Martinez,james56@example.net,1941-09-11,4974382789,40,M
W#Ac^JKul8,douglasgreene,Matthew,Lewis,lindsaytran@example.org,1992-10-05,6808871257,53,H
P&7EJKz*A+,dglover,Thomas,Garrison,vallen@example.org,2005-06-01,9726049613,37,X
&bRgZ#oe*1,meyereric,Charles,Shaffer,fergusondanielle@example.com,2018-08-06,6472008932,31,X
0)1TB&luyF,zramos,Dana,Reyes,kempamy@example.org,1939-07-20,653.620.58,50,H
Zf56XnZ*1&,nelsonsara,Shannon,Newman,andradeveronica@example.org,1972-04-21,(680)99616,31,X
86XixSzp_^,guerrerokristy,Janet,Wu,erik87@example.org,1975-04-19,+192736742,67,H
^gmGKG3wy8,darren34,Heidi,Reid,stephensmiranda@example.org,1970-05-29,0013943891,35,X
!+%8wjJp1L,angelicaglover,Robert,Bradley,fmorton@example.org,1926-10-19,(863)24703,74,H
b7p$!&Hf!5,scott30,Christopher,Gould,smithjoshua@example.net,2018-03-01,(919)35091,52,X
J!7JvTIWt#,andreameza,Maurice,Bell,quinngerald@example.com,1992-11-03,0019608416,55,X
+IMaUWk&1o,ashleymorris,Kelly,Richardson,jeremycarpenter@example.com,2003-10-13,376.422.66,23,H
(4$H8+hf^x,ryan53,Lori,Lopez,cartermarcus@example.org,1922-06-02,246.549.27,79,H
#h#^HZNu^9,michael53,Alex,Parker,rgonzales@example.org,2012-09-20,455.960.87,49,X
n^t9DRfbP7,timothyanderson,Paul,Burton,brittanyhenderson@example.org,2010-07-26,3968812002,20,H
b$X7_EHw4),dwalker,Sharon,Owens,justin24@example.org,2014-01-12,336.647.57,53,H
tbN$2FSo8^,gregory59,Lawrence,Randall,john88@example.com,1937-05-05,(328)34176,66,M
L!#9F8fz7u,parkerroger,Russell,Wilson,marie62@example.com,1910-08-19,4634844807,54,X
))9Y4eLi0w,james13,Jessica,Rubio,obrown@example.com,1946-01-02,250.813.34,54,M
IK5B8DavT+,yvega,Jacob,Carpenter,mullinsroger@example.org,1963-08-07,+137073328,18,M
Q7O9Xdmf*6,gary99,Frank,Moreno,markwarren@example.org,2005-11-24,(540)33162,58,X
_cL(6Ah+#2,ucarlson,Jeffrey,Sandoval,jacquelineramirez@example.org,1959-08-29,342.799.49,34,M
^_TsJ_nL3p,brentwatkins,Alexa,Jones,mcleanaustin@example.com,2006-09-04,9259314004,29,H
iR652_@ms+,roger42,Nicholas,Thornton,salazarrobert@example.org,1927-10-15,5518307085,36,H
p#d17YGvF_,tbrown,Mary,James,vturner@example.net,1958-12-17,(810)65896,19,X
+Tx9Gyuu^^,edwardflores,Jesse,Reynolds,garciapatricia@example.com,1911-07-22,0017847522,41,H
+gA(!7WjX),maddoxdavid,Joseph,Lyons,kingwilliam@example.net,1957-09-16,+158171859,35,H
TNMv+CAQ*8,yoconnor,Mary,Reynolds,tschultz@example.com,2012-02-04,(751)26283,58,H
)cqMs3InZ+,markroberson,Douglas,Davis,curtis73@example.net,1958-10-20,3302257375,27,X
+o_e0ClC34,phillipjackson,Susan,Clark,candacehogan@example.org,1982-08-02,0012226102,77,M
5&lCZqPd&3,garciamarissa,Charles,Henson,fmoore@example.org,1978-01-25,(715)49212,27,H
h+2XjI*h)I,lopezjennifer,Justin,Martinez,ericdavila@example.net,1942-12-22,+143132475,54,M
(Nk%9AeoAm,omiller,Jacob,Jackson,mark85@example.net,1982-04-04,818.965.02,70,X
H$X1#7p9#H,brandon08,David,Kennedy,ariana42@example.com,1908-10-28,+194973010,58,H
l85pJkvU@I,jonathanmarshall,Chelsea,Kim,johnsonadam@example.com,1916-08-27,7084263908,61,X
x2nFI2!+%%,chapmankathleen,Kathryn,Carey,mnelson@example.net,1961-07-15,(488)69172,40,X
d2MN_sMr+z,unewman,Bobby,Cox,matthewdavidson@example.com,1961-05-24,(429)48542,22,H
(ySHbkLv&2,oconnelldavid,Amy,James,rrobinson@example.net,1938-08-15,0019638520,73,M
0e^2VL2h0p,sean70,Karen,Russell,susanjohnson@example.com,2017-10-26,9533283126,54,M
X2^FZhzl!d,wtaylor,Heather,Lambert,cliffordwilliams@example.com,1998-03-07,(360)86102,54,H
L^Of9Bv4_n,opatel,Sharon,Hall,denisefranklin@example.com,1951-03-10,538.240.80,79,M
ro00JQZj#6,brianna55,Matthew,Cole,bradley75@example.net,2005-03-30,(392)42852,77,H
%Us)y6Smh_,lisa94,Debra,Calderon,mollytaylor@example.net,1990-05-12,518.867.88,34,X
W#UY0EEfF%,cruzlisa,Christopher,Ward,hbrandt@example.com,1941-12-15,+162870214,68,H
e6Pcj@Jm(q,leslieschneider,Zoe,Scott,chadflores@example.com,2009-03-01,0012828117,52,X
+3$jE!enp&,michael08,John,Jackson,drakeaustin@example.net,1937-08-12,+120698522,32,X
_AEJ$eha1V,qsmith,Renee,Banks,caseygoodman@example.org,1937-08-30,0019848171,76,M
+02Q82FrUX,noconnell,Adam,Lutz,ijimenez@example.com,1929-06-06,4378550744,77,X
L056e0Ai8),dflores,Kristine,Glenn,ygallagher@example.net,1911-09-07,390.874.16,43,M
*wZlIsewT2,pricetodd,Lauren,King,colesarah@example.net,2010-10-30,6445090412,25,M
nup2HBj6!!,lbrady,Billy,Maldonado,dana11@example.com,1953-07-28,0014069216,33,H
lnV*GDno(0,wwade,Dan,Hamilton,tfisher@example.org,1927-12-09,+137293780,46,H
6+8K^QvM0+,hlee,Mark,Willis,hollowaytonya@example.com,2016-03-05,381.407.51,70,M
LlM3ePMg%m,adrienne95,Michael,Tran,kellyalexander@example.org,1939-09-21,0017633810,69,H
+5nQIFJKXh,bhouston,Anthony,Oconnor,alan74@example.net,1972-06-25,9847159339,36,X
*7NuIyvM+^,jessica29,Patricia,Dixon,sharongardner@example.org,1994-12-25,0019623041,28,M
SzwX6SWg&7,eolson,Tiffany,Kirby,sparkschristopher@example.org,1996-06-10,2409868596,78,X
4_9ScEL5Ri,stephenwagner,Hailey,Snyder,chasetonya@example.com,1964-10-18,+168595105,75,M
@BjSSfov45,tiffany67,Tonya,Gross,andersonwarren@example.net,2003-09-14,697.501.84,55,H
&nYduPcKr7,johnsontammy,Dylan,Chapman,elizabeth49@example.net,1943-01-27,+142355937,61,X
c+R2GxiR^1,emma08,Catherine,Ferguson,pettydaniel@example.com,2007-01-11,(376)20175,37,M
%@4GPr%_+a,gfuentes,Sara,Navarro,elizabeth77@example.com,2013-11-30,6126192262,50,M
m&4KOCldBQ,christopher93,Michael,Smith,wilsonjeffery@example.org,1920-04-06,5192259968,55,X
m36GZViH^+,owensjulie,Bridget,Manning,lgordon@example.com,1932-11-30,625.892.65,21,M
K#$9rNjcqU,shanerojas,Douglas,Schneider,tuckeraustin@example.com,1939-01-20,(809)70059,18,X
pxw$1G%cdD,mjackson,Melissa,Brooks,millerjohn@example.com,1929-10-26,6264468808,75,X
4x@t5KAtK!,riveragloria,Nathaniel,Murphy,rnorton@example.net,1941-03-21,+168440070,62,X
%4*q4BCiSv,hayeseric,Trevor,Jones,christopher61@example.com,1944-09-06,0016415380,24,M
%$%K02QoPL,ibanks,Juan,Thomas,jgould@example.org,2017-09-15,3392187656,46,M
